255_20130112|255|Autobusy|<p style="margin:0;padding:0;text-align:justify;"><b><br>w obu kier.:</b> GM. KOLBUDY: <b><u><i>Kowale-Apollina</b></u></i> - Zeusa - Staropolska - GDAÑSK: ¦wiêtokrzyska - <b><u><i>£ostowice ¦wiêtokrzyska</b></u></i><br></p>|2013-01-12||1|||PKS Gdañsk Sp. z o.o.
123_20140120|123|Autobusy| <p style="margin:0;padding:0;text-align:justify;"><br><b>w obu kier.:</b> <b><u><i>Równa</b></u></i> - Sandomierska - (wybrane kursy: Olszyñska) - Mostowa - Dolna Brama - Pod Zrêbem - Okopowa - Brama Wy¿ynna - <b><u><i>Dworzec G³ówny</b></u></i><br></p>|2014-01-20||1|||ZKM w Gdañsku Sp. z o.o.
166_20140301|166|Autobusy|<p style="margin:0;padding:0;text-align:justify;"><b><br>w obu kier.:</b> GM. PRUSZCZ GD.: <b><u><i>Rafineria-brama 8</i></u></b> - Benzynowa - G³ówna - GDAÑSK: Elbl±ska - (wybrane kursy: Sztutowska - Elbl±ska) - Podwale Przedmiejskie - Brama Wy¿ynna - <b><u><i>Dworzec G³ówny</i></u></b><br></p>|2014-03-01||1|||ZKM w Gdañsku Sp. z o.o.
149_20140607|149|Autobusy|<p style="margin:0;padding:0;text-align:justify;"><br><b>kier. Krynicka</b>: <b><i><u>Wrzeszcz PKP</b></i></u> - Lendziona - Grunwaldzka - ¯o³nierzy Wyklêtych - Chrzanowskiego - Polanki &#8211; Che³moñskiego - Polanki - Ba¿yñskiego - Ko³obrzeska - <b><i><u>Krynicka</b></i></u><br><br><br><br><b>kier. Wrzeszcz PKP</b>: <b><i><u>Krynicka</b></i></u> - Ko³obrzeska - Ba¿yñskiego - Polanki - Che³moñskiego - Polanki - Chrzanowskiego - ¯o³nierzy Wyklêtych - Dmowskiego - <b><i><u>Wrzeszcz PKP</b></i></u><br></p>|2014-06-07||1|||ZKM w Gdañsku Sp. z o.o.
N13_20140726|N13|Nocne autobusy| <p style="margin:0;padding:0;text-align:justify;"><br><b><br>w obu kier.:</b> <i><b><u>¯abianka SKM</u></i></b> - Subis³awa - Pomorska - Ch³opska - Obroñców Wybrze¿a - D±browszczaków - Ko³obrzeska - Ba¿yñskiego - Wita Stwosza - Wojska Polskiego - Grunwaldzka - Zwyciêstwa - B³êdnik - Dworzec G³ówny - Brama Wy¿ynna - Armii Krajowej - Sikorskiego - Witosa - Havla - ¦wiêtokrzyska - Niepo³omicka - (wybr. kursy: Kampinoska - Srebrna - Niepo³omicka) - Przebi¶niegowa - Wielkopolska - Ofiar Grudnia 70 - <i><b><u>Olimpijska</i></b></u><br></p>|2014-07-26||1|||ZKM w Gdañsku Sp. z o.o.
136_20140802|136|Autobusy| <p style="margin:0;padding:0;text-align:justify;"><br><b>w obu kier.: </b><b><u><i>Nied¼wiednik</i></u></b> - Góralska - S³owackiego - Chrzanowskiego - ¯o³nierzy Wyklêtych - Dmowskiego - <b><u><i>Wrzeszcz PKP</i></u></b><br><br></p>|2014-08-02||1|||ZKM w Gdañsku Sp. z o.o.
151_20141013|151|Autobusy|<p style="margin:0;padding:0;text-align:justify;"><b><br>w obu kier.: </b><b><u><i>¦w. Wojciech</i></u></b> - Trakt ¦w. Wojciecha - Okopowa - Brama Wy¿ynna - Dworzec G³ówny - <b><u><i>Wa³y Piastowskie</i></u></b><br><br></p>|2014-09-20||1|||ZKM w Gdañsku Sp. z o.o.
189_20140920|189|Autobusy|<p style="margin:0;padding:0;text-align:justify;"><b><br><br>w obu kier.: </b><b><u><i>Dworzec G³ówny</i></u></b> - Brama Wy¿ynna - Okopowa - Trakt ¦w. Wojciecha - Starogardzka - Bartnicza - <b><u><i>Maækowy Mleczarnia</i></u></b><br></p>|2014-09-20||1|||ZKM w Gdañsku Sp. z o.o.
295_20140920|295|Autobusy|<p style="margin:0;padding:0;text-align:justify;"><b><br>w obu kier.: </b><b><u><i>Zakoniczyn</i></u></b> - Porêbskiego - Bergiela - ¦wiêtokrzyska - <b><u><i>£ostowice ¦wiêtokrzyska</i></u></b><br></p>|2014-09-20||1|||ZKM w Gdañsku Sp. z o.o.
269_20141013|269|Autobusy|<p style="margin:0;padding:0;text-align:justify;"><br><b>kier. Marsa:</b> <b><u><i>Os. Barniewice</i></u></b> - Plutona - Saturna - Planetarna - Barniewicka - Kielnieñska - Balcerskiego - Niedzia³kowskiego - Kozioro¿ca - Jednoro¿ca - Wodnika - <b><u><i>Marsa</i></u></b><br><br><br><br><br><b>kier. Os. Barniewice:</b> <b><u><i>Marsa</i></u></b> - Wodnika - Jednoro¿ca - Kozioro¿ca - Niedzia³kowskiego - Balcerskiego - Kielnieñska - Barniewicka - Planetarna - Wenus - Plutona - <b><u><i>Os. Barniewice</i></u></b><br></p>|2014-10-13||1|||ZKM w Gdañsku Sp. z o.o.
212_20141021|212|Autobusy|<p style="margin:0;padding:0;text-align:justify;"><br><b>w obu kier.:</b> GDAÑSK: <b><u><i>Przegalina</i></u></b> - Przegaliñska - ¦wibnieñska - Boguckiego - Turystyczna - Sobieszewo Wyspa - GM. PRUSZCZ GD.: Sobieszewska - Przejazdowo - G³ówna - GDAÑSK: Elbl±ska - Podwale Przedmiejskie - Brama Wy¿ynna - <b><u><i>Dworzec G³ówny</i></u></b><br></p>|2014-10-22||1|<span style="color: rgb(204,0,0);">		<br>W przypadku zamkniêcia mostu pontonowego przez Martw± Wis³ê w Sobieszewie na liniach: <b>112</b>, <b>186</b>, <b>212</b>, <b>512 </b>i <b>N9</b> nast±pi± czasowe zmiany w ich funkcjonowaniu. Ponadto zostanie uruchomiona zastêpcza linia autobusowa <b>912</b> na trasie: Górki Wschodnie - Sobieszewo - ¦wibno - Przegalina.<br><br><br>Informacje o zamkniêciu mo¿na znale¼æ w <u><a href="http://www.ztm.gda.pl/hmvc/index.php/sipinfo/lista_a/">Bie¿±cej Sytuacji Komunikacyjnej</a></u> lub na <u><a href="http://www.ztm.gda.pl/hmvc/index.php">stronie g³ównej</u></a> w komunikatach oraz uzyskaæ dzwoni±c do <b>Dy¿urnego In¿yniera Miasta</b> pod ca³odobowy numer telefonu: </span><b>58 52 44 500</b><span style="color: rgb(204,0,0);">.</span><br><br></p>||ZKM w Gdañsku Sp. z o.o.
512_20141021|512|Autobusy|<p style="margin:0;padding:0;text-align:justify;"><br><b>w obu kier.: </b><b><u><i>Przegalina</i></u></b> - Przegaliñska - Turystyczna - <b><u><i>Sobieszewo Wyspa</i></u></b><br></p>|2014-10-22||1|<span style="color: rgb(204,0,0);">		<br>W przypadku zamkniêcia mostu pontonowego przez Martw± Wis³ê w Sobieszewie na liniach: <b>112</b>, <b>186</b>, <b>212</b>, <b>512 </b>i <b>N9</b> nast±pi± czasowe zmiany w ich funkcjonowaniu. Ponadto zostanie uruchomiona zastêpcza linia autobusowa <b>912</b> na trasie: Górki Wschodnie - Sobieszewo - ¦wibno - Przegalina.<br><br><br>Informacje o zamkniêciu mo¿na znale¼æ w <u><a href="http://www.ztm.gda.pl/hmvc/index.php/sipinfo/lista_a/">Bie¿±cej Sytuacji Komunikacyjnej</a></u> lub na <u><a href="http://www.ztm.gda.pl/hmvc/index.php">stronie g³ównej</u></a> w komunikatach oraz uzyskaæ dzwoni±c do <b>Dy¿urnego In¿yniera Miasta</b> pod ca³odobowy numer telefonu: </span><b>58 52 44 500</b><span style="color: rgb(204,0,0);">.</span><br><br></p>||ZKM w Gdañsku Sp. z o.o.
108_20141103_2|108|Autobusy| <p style="margin:0;padding:0;text-align:justify;"><br><br><b>kier. Che³m-Wiêckowskiego:</b> <b><u><i>Dworzec G³ówny</i></u></b> - Brama Wy¿ynna - Okopowa - Zaro¶lak - Stoczniowców - Hirszfelda - Wronki - Cha³ubiñskiego - Dragana - Witosa - Cieszyñskiego - <b><u><i>Che³m-Wiêckowskiego</i></u></b><br><br><br><br><br><b>kier. Dworzec G³ówny:</b> <b><u><i>Che³m-Wiêckowskiego</i></u></b> - Cieszyñskiego - Witosa - Cienista - Worcella - Buczka - Reformacka - Stoczniowców - Zaro¶lak - Okopowa - Brama Wy¿ynna - <b><u><i>Dworzec G³ówny</i></u></b><br></p>|2014-11-03||1|||ZKM w Gdañsku Sp. z o.o.
118_20141103_2|118|Autobusy| <p style="margin:0;padding:0;text-align:justify;"><br><b>kier. Jeleniogórska:</b> <b><u><i>Dworzec G³ówny</i></u></b> - Brama Wy¿ynna - Okopowa - Zaro¶lak - Stoczniowców - Hirszfelda - Wronki - Worcella - Cienista - Witosa - Wilanowska - Havla - £ódzka - Warszawska - Piotrkowska - <b><u><i>Jeleniogórska</i></u></b><br><br><br><b><br>kier. Dworzec G³ówny: </b><b><u><i>Jeleniogórska</i></u></b> - Piotrkowska - Warszawska - £ódzka - Havla - Wilanowska - Witosa - Cienista - Worcella - Buczka - Reformacka - Stoczniowców - Zaro¶lak - Okopowa - Brama Wy¿ynna - <b><u><i>Dworzec G³ówny</i></u></b><br></p>|2014-11-03||1|||ZKM w Gdañsku Sp. z o.o.
0N4_20141103|N4|Nocne autobusy|<p style="margin:0;padding:0;text-align:justify;"><br><b><br><br>kier. Rêbowo:</b> <b><u><i>Pomorska Kapliczna</i></u></b> - Kapliczna - Piastowska - Oliwa Pêtla Tram. - Obroñców Westerplatte - Wita Stwosza - Wojska Polskiego - Grunwaldzka - Zwyciêstwa - B³êdnik - Dworzec G³ówny - Brama Wy¿ynna - Okopowa - Zaro¶lak - Stoczniowców - Hirszfelda - Wronki - Buczka - Worcella - Cienista - Witosa - Wilanowska - Havla - £ódzka - Warszawska - Piotrkowska - Uje¶cisko - Piotrkowska - Warszawska - Jab³oniowa - Przywidzka - Czermiñskiego - Guderskiego - <b><u><i>Rêbowo</i></u></b><br><br><br><br><br><b><br><br>kier. Pomorska Kapliczna:</b> <b><u><i>Rêbowo</i></u></b> - Guderskiego - Czermiñskiego - Przywidzka - Jab³oniowa - Warszawska - Piotrkowska - Uje¶cisko - Piotrkowska - Warszawska - £ódzka - Havla - Wilanowska - Witosa - Cienista - Worcella - Buczka - Reformacka - Stoczniowców - Zaro¶lak - Okopowa - Brama Wy¿ynna - Dworzec G³ówny - B³êdnik - Zwyciêstwa - Grunwaldzka - Wojska Polskiego - Wita Stwosza - Obroñców Westerplatte - Polanki - Rybiñskiego - Oliwa Pêtla Tram. - Piastowska - Kapliczna - <b><u><i>Pomorska Kapliczna</i></u></b><br></p>|2014-12-08||1|||ZKM w Gdañsku Sp. z o.o.
574_20141208|574|Autobusy|<p style="margin:0;padding:0;text-align:justify;"><br><b>w obu kier.:</b> GDAÑSK: <b><u><i>Jasieñ-Pólnicy</i></u></b> - Pólnicy - Kartuska - Jab³oniowa - (wybrane kursy: Przywidzka - Czermiñskiego &#8211; Guderskiego &#8211; Czermiñskiego - Przywidzka - Jab³oniowa) - GM. KOLBUDY: Lubowidzka - S³oneczna - Otomin - <b><u><i>Otomin-Pêtla</i></u></b><br></p>|2014-12-08||1|||PKS Gdañsk Sp. z o.o.
256_20141213|256|Autobusy|<p style="margin:0;padding:0;text-align:justify;"><br><b>w obu kier.:</b> GM. KOLBUDY: <b><u><i>Jankowo</i></u></b> - Conradiego - Szlachecka - Staropolska - GDAÑSK: ¦wiêtokrzyska - Ma³omiejska - Podmiejska - Trakt ¦w. Wojciecha - Okopowa - Brama Wy¿ynna - <b><u><i>Dworzec G³ówny</i></u></b><br></p>|2014-12-13||1|||PKS Gdañsk Sp. z o.o.
205_20150216|205|Autobusy|<p style="margin:0;padding:0;margin-bottom:1em;text-align:justify;"><br><span style="font-weight:bold">kier. Pruszcz Gd.-Komarowo </span>:GDAÑSK: <b><u><i>Dworzec G³ówny</i></u></b> - Brama Wy¿ynna - Okopowa - Trakt ¶w. Wojciecha - PRUSZCZ GD.: Grunwaldzka - (wybrane kursy: Raciborskiego - Wojska Polskiego - Chopina - Kopernika - Wolno¶ci - Korzeniowskiego - Plater - Powstañców Warszawy) - Chopina - Skalskiego - <b><u><i>Pruszcz Gd.-Komarowo</i></u></b><br></p><br><p style="margin:0;padding:0;margin-top:1em;text-align:justify;"><br><span style="font-weight:bold">kier. Dworzec G³ówny</span>: PRUSZCZ GD.: <b><u><i>Pruszcz Gd.-Komarowo</i></u></b> - Skalskiego - Chopina - Grunwaldzka - (wybrane kursy: Powstañców Warszawy - Plater - Korzeniowskiego - Wolno¶ci - Kopernika - Chopina - Grunwaldzka -Raciborskiego - Grunwaldzka) - GDAÑSK: Trakt ¶w. Wojciecha - Okopowa - Brama Wy¿ynna - <b><u><i>Dworzec G³ówny</i></u></b><br></p>|2015-02-16||1|||PKS Gdañsk Sp. z o.o.
232_20150216|232|Autobusy|<p style="margin:0;padding:0;margin-bottom:1em;text-align:justify;"><br><span style="font-weight:bold">kier. Pruszcz Gdañski-CER </span>: GDAÑSK: <b><u><i>Dworzec G³ówny</i></u></b> - Brama Wy¿ynna - Okopowa - Trakt ¶w. Wojciecha - PRUSZCZ GD.: (wybrane kursy: Grunwaldzka - Raciborskiego - Grunwaldzka) -  Grunwaldzka** - Batalionów Ch³opskich - Zastawna - <b><u><i>Pruszcz Gdañski-CER</i></u></b>    </p>        <br><p style="margin:0;padding:0;margin-top:1em;margin-bottom:1em;text-align:justify;font-style:italic;"><br>** - wybrane kursy tylko do: Sikorskiego - £ukasiewicza - Pruszcz Gd.-Urz±d Skarbowy<br></p><br><p style="margin:0;padding:0;margin-top:1em;text-align:justify;"><br><span style="font-weight:bold">kier. Dworzec G³ówny</span>: PRUSZCZ GD.: <b><u><i>Pruszcz Gd.-CER</i></u></b> - Zastawna - Batalionów Ch³opskich - Grunwaldzka** - (wybrane kursy: Raciborskiego - Grunwaldzka) - GDAÑSK: Trakt ¶w. Wojciecha - Okopowa - Brama Wy¿ynna - <b><u><i>Dworzec G³ówny</i></u></b>           </p><br><p style="margin:0;padding:0;margin-top:1em;margin-bottom:1em;text-align:justify;font-style:italic;"><br>** - wybrane kursy z krañca: Pruszcz Gd.-Urz±d Skarbowy - £ukasiewicza - Nowowiejskiego - Grunwaldzka - ...<br></p>|2015-02-16||1|||PKS Gdañsk Sp. z o.o.
007_20150401|7|Tramwaje| <p style="text-align: justify; margin-top: 0"><br><b><u><i>£ostowice ¦wiêtokrzyska</b></u></i> - Havla - Witosa - Sikorskiego - Armii Krajowej - Okopowa - Wa³y Jagielloñskie (Brama Wy¿ynna) - Podwale Grodzkie (Dworzec G³ówny) - Wa³y Piastowskie - Jana z Kolna - Marynarki Polskiej - PGE Arena - Marynarki Polskiej - Wolno¶ci - <b><u><i>Zajezdnia Nowy Port (dla wysiad.)</b></u></i><br></p><br><p style="text-align: justify; margin-bottom: 0;"><br><b><u><i>Nowy Port (Oliwska)</b></u></i> - Rybo³owców - Wolno¶ci - Marynarki Polskiej - PGE Arena - Marynarki Polskiej - Jana z Kolna - Wa³y Piastowkie - Podwale Grodzkie (Dworzec G³ówny) - Wa³y Jagielloñskie (Brama Wy¿ynna) - Okopowa - Armii Krajowej - Sikorskiego - Witosa - Havla - <b><u><i>£ostowice ¦wiêtokrzyska</b></u></i><br></p><br>|2015-04-01||1|||ZKM w Gdañsku Sp. z o.o.
0N9_20150401_2|N9|Nocne autobusy|<p style="margin:0;padding:0;text-align:justify;"><br><b>kier. Dworzec G³ówny:</b> GDAÑSK: <b><u><i>Przegalina</i></u></b> - ¦wibnieñska - Boguckiego - Turystyczna - Sobieszewo Wyspa - GM. PRUSZCZ GD.: Sobieszewska - Bogatka - Przejazdowo - GDAÑSK: Elbl±ska - Podwale Przedmiejskie - £±kowa - D³ugie Ogrody - Szopy - Kamienna Grobla - Toruñska - Okopowa - Brama Wy¿ynna - <b><u><i>Dworzec G³ówny</i></u></b><br><br><br><br><b>kier. Przegalina:</b> GDAÑSK: <b><u><i>Dworzec G³ówny</i></u></b> - Brama Wy¿ynna - Okopowa - Toruñska - Wróbla - £±kowa - Podwale Przedmiejskie - Elbl±ska - GM. PRUSZCZ GD.: Przejazdowo - Bogatka - Sobieszewska - GDAÑSK: Sobieszewo Wyspa - (wybr. kurs: Nadwi¶lañska - Górki Wschodnie - Nadwi¶lañska) - Turystyczna - Boguckiego - ¦wibnieñska - <b><u><i>Przegalina</i></u></b><br></p>|2015-04-01||1|<span style="color: rgb(204,0,0);">		<br>W przypadku zamkniêcia mostu pontonowego przez Martw± Wis³ê w Sobieszewie na liniach: <b>112</b>, <b>186</b>, <b>212</b>, <b>512 </b>i <b>N9</b> nast±pi± czasowe zmiany w ich funkcjonowaniu. Ponadto zostanie uruchomiona zastêpcza linia autobusowa <b>912</b> na trasie: Górki Wschodnie - Sobieszewo - ¦wibno - Przegalina.<br><br><br>Informacje o zamkniêciu mo¿na znale¼æ w <u><a href="http://www.ztm.gda.pl/hmvc/index.php/sipinfo/lista_a/">Bie¿±cej Sytuacji Komunikacyjnej</a></u> lub na <u><a href="http://www.ztm.gda.pl/hmvc/index.php">stronie g³ównej</a></u> w komunikatach oraz uzyskaæ dzwoni±c do <b>Dy¿urnego In¿yniera Miasta</b> pod ca³odobowy numer telefonu: </span><b>58 52 44 500</b><span style="color: rgb(204,0,0);">.</span>||ZKM w Gdañsku Sp. z o.o.
169_20150402|169|Autobusy| <p style="margin:0;padding:0;text-align:justify;"><b><br>kier. Oliwa Pêtla Tram.: </b><b><u><i>Osowa Przesypownia</i></u></b> - Nowy ¦wiat - Barniewicka - Kielnieñska - Spacerowa - Stary Rynek Oliwski - Rybiñskiego - <b><u><i>Oliwa Pêtla Tram.</i></u></b><br><br><br><b><br>kier. Osowa Przesypownia:</b> <b><u><i>Oliwa Pêtla Tram.</i></u></b> - Obroñców Westerplatte - Polanki - Stary Rynek Oliwski - Spacerowa - Kielnieñska - Barniewicka - Nowy ¦wiat - <b><u><i>Osowa Przesypownia</i></u></b><br></p>|2015-04-02||1|||ZKM w Gdañsku Sp. z o.o.
171_20150402|171|Autobusy| <p style="margin:0;padding:0;text-align:justify;"><br><b>kier. Oliwa Pêtla Tram.:</b> GDYNIA: <b><u><i>Karwiny Tesco</b></u></i> - Nowowiczliñska - Rdestowa - Chwaszczyñska - GM. ¯UKOWO: Gdyñska - Oliwska - GDAÑSK: Kielnieñska - Spacerowa - Stary Rynek Oliwski - Rybiñskiego - <b><u><i>Oliwa Pêtla Tram.</b></u></i><br><br><br><b><br><br>kier. Gdynia - Karwiny Tesco:</b> GDAÑSK: <b><u><i>Oliwa Pêtla Tram.</b></u></i> - Obroñców Westerplatte - Polanki - Stary Rynek Oliwski - Spacerowa - Kielnieñska - GM. ¯UKOWO: Oliwska - Gdyñska -  GDYNIA: Chwaszczyñska - Rdestowa - Nowowiczliñska - <b><u><i>Karwiny Tesco</b></u></i><br></p>|2015-04-02||1|Na ca³ej d³ugo¶ci linii <span style="font-weight: bold;">171</span> obowi±zuj± bilety emitowane zarówno przez <span style="color: rgb(255, 0, 0); font-weight: bold;">ZTM w Gdañsku</span> jak i <span style="color: rgb(0, 0, 255); font-weight: bold;">ZKM w Gdyni</span>.<br>Bilety okresowe wa¿ne s± stosownie do zakresu ich wa¿no¶ci (bilety sieciowe wa¿ne s± na ca³ej d³ugo¶ci linii; bilety wa¿ne na obszarze miasta Gdañska obowi±zuj± tylko na odcinku Oliwa &#8211; My¶liborska).||Warbus Sp. z o.o., PKM Gdynia Sp. z o.o.
179_20150402|179|Autobusy| <p style="margin:0;padding:0;text-align:justify;"><b><br>kier. Oliwa Pêtla Tram.:</b> <b><u><i>Owczarnia</b></u></i> - Wodnika - (wybr. kursy: Kielnieñska - Wysoka Galaktyczna - Kielnieñska) - Spacerowa - (wybr. kursy: Odyseusza - Spacerowa) - (wybr. kursy: Karwieñska - Oliwa ZOO - Karwieñska - Spacerowa) - Stary Rynek Oliwski - Rybiñskiego - <b><u><i>Oliwa Pêtla Tram.</b></u></i><br><br><br><b><br>kier. Owczarnia:</b> <b><u><i>Oliwa Pêtla Tram.</b></u></i> - Obroñców Westerplatte - Polanki - Stary Rynek Oliwski - Spacerowa - (wybr. kursy: Karwieñska - Oliwa ZOO - Karwieñska - Spacerowa) - (wybr. kursy: Odyseusza - Spacerowa) - (wybr. kursy: Kielnieñska - Wysoka Galaktyczna - Kielnieñska) - Wodnika - <b><u><i>Owczarnia</b></u></i><br></p>|2015-04-02||1|||ZKM w Gdañsku Sp. z o.o.
112_20150425|112|Autobusy| <p style="margin:0;padding:0;text-align:justify;"><br><b>w obu kier.:</b> GDAÑSK: <b><u><i>Dworzec G³ówny</i></u></b> - Brama Wy¿ynna - Podwale Przedmiejskie - Elbl±ska - GM. PRUSZCZ GD.: G³ówna - Przejazdowo - Klonowa - Bogatka - Sobieszewska - GDAÑSK: Sobieszewo Wyspa - Turystyczna - Boguckiego - ¦wibnieñska - Przegaliñska - <b><u><i>Przegalina</i></u></b></p>|2015-04-25||1|<span style="color: rgb(204,0,0);">		<br>W przypadku zamkniêcia mostu pontonowego przez Martw± Wis³ê w Sobieszewie na liniach: <b>112</b>, <b>186</b>, <b>212</b>, <b>512 </b>i <b>N9</b> nast±pi± czasowe zmiany w ich funkcjonowaniu. Ponadto zostanie uruchomiona zastêpcza linia autobusowa <b>912</b> na trasie: Górki Wschodnie - Sobieszewo - ¦wibno - Przegalina.<br><br><br>Informacje o zamkniêciu mo¿na znale¼æ w <u><a href="http://www.ztm.gda.pl/hmvc/index.php/sipinfo/lista_a/">Bie¿±cej Sytuacji Komunikacyjnej</a></u> lub na <u><a href="http://www.ztm.gda.pl/hmvc/index.php">stronie g³ównej</a></u> w komunikatach oraz uzyskaæ dzwoni±c do <b>Dy¿urnego In¿yniera Miasta</b> pod ca³odobowy numer telefonu: </span><b>58 52 44 500</b><span style="color: rgb(204,0,0);">.</span>||ZKM w Gdañsku Sp. z o.o.
186_20150425|186|Autobusy| <p style="margin:0;text-align:justify;"><br><b>w obu kier.: </b>GDAÑSK: <b><u><i>Górki Wschodnie</i></u></b> - Nadwi¶lañska - Sobieszewo Wyspa - GM. PRUSZCZ GD.: Sobieszewska - Wa³owa - GDAÑSK: P³oñska - Benzynowa - GM. PRUSZCZ GD.: Benzynowa - G³ówna - GDAÑSK: Elbl±ska - Podwale Przedmiejskie - Brama Wy¿ynna - <b><u><i>Dworzec G³ówny</i></u></b><br><br>  </p>|2015-04-25||1|<span style="color: rgb(204,0,0);">		<br>W przypadku zamkniêcia mostu pontonowego przez Martw± Wis³ê w Sobieszewie na liniach: <b>112</b>, <b>186</b>, <b>212</b>, <b>512 </b>i <b>N9</b> nast±pi± czasowe zmiany w ich funkcjonowaniu. Ponadto zostanie uruchomiona zastêpcza linia autobusowa <b>912</b> na trasie: Górki Wschodnie - Sobieszewo - ¦wibno - Przegalina.<br><br><br>Informacje o zamkniêciu mo¿na znale¼æ w <u><a href="http://www.ztm.gda.pl/hmvc/index.php/sipinfo/lista_a/">Bie¿±cej Sytuacji Komunikacyjnej</a></u> lub na <u><a href="http://www.ztm.gda.pl/hmvc/index.php">stronie g³ównej</a></u> w komunikatach oraz uzyskaæ dzwoni±c do <b>Dy¿urnego In¿yniera Miasta</b> pod ca³odobowy numer telefonu: </span><b>58 52 44 500</b><span style="color: rgb(204,0,0);">.</span>||ZKM w Gdañsku Sp. z o.o.
0N8_20150501|N8|Nocne autobusy| <p style="margin:0;padding:0;text-align:justify;"><br><b><br>kier. Górki Zachodnie: </b><u><b><i>Dworzec G³ówny </i></b></u>- Brama Wy¿ynna - Podwale Przedmiejskie - Elbl±ska - most Jana Paw³a II (wantowy) - Budzysza &#8211; Sienna - Stryjewskiego - Sówki - Kêpna - £owicka -  <u><b><i>Górki Zachodnie</i></b></u><br><br><br><b><br>kier. Dworzec G³ówny: </b><u><b><i>Górki Zachodnie</i></b></u> - £owicka &#8211; Kêpna &#8211; Sówki &#8211; Stryjewskiego - Budzysza - Sucharskiego - most Jana Paw³a II (wantowy) - Elbl±ska - Podwale Przedmiejskie &#8211; Okopowa &#8211; Brama Wy¿ynna &#8211; <u><b><i>Dworzec G³ówny </i></b></u><br></p>|2015-05-01||1|||ZKM w Gdañsku Sp. z o.o.
138_20150501|138|Autobusy|  <p style="margin:0;padding:0;text-align:justify;"><br><b>w obu kier.:</b> <b><u><i>Dworzec G³ówny</b></u></i> - Brama Wy¿ynna - Podwale Przedmiejskie - Elbl±ska - most Jana Paw³a II (wantowy) - Sucharskiego - Ku Uj¶ciu (wybrane kursy: Chemików - Ku Uj¶ciu) - (wybrane kursy: Kontenerowa - Terminal DCT - Kontenerowa - Ku Uj¶ciu) - Pok³adowa - Sucharskiego - <b><u><i>Westerplatte</b></u></i><br></p>|2015-05-01||1|||ZKM w Gdañsku Sp. z o.o.
606_20150501|606|Autobusy|<p style="margin:0;padding:0;text-align:justify;"><b><br>w obu kier.: </b><b><u><i>Dworzec G³ówny</i></u></b> - Brama Wy¿ynna - Okopowa - Podwale Przedmiejskie - Elbl±ska - most Jana Paw³a II (wantowy) - Sucharskiego - Ku Uj¶ciu - Pok³adowa - Sucharskiego -  <b><u><i>Westerplatte</i></u></b><br></p>|2015-05-01|2015-10-31|1|||ZKM w Gdañsku Sp. z o.o.
622_20150501|622|Autobusy| <p style="text-align: justify; margin-top: 0"><br><b>kier. Oliwa ZOO:</b> <b><u><i>Oliwa Pêtla Tramwajowa</i></u></b> - Obroñców Westerplatte - Polanki - Stary Rynek Oliwski - Spacerowa - Karwieñska - <b><u><i>Oliwa ZOO</i></u></b><br><br><br><b><br>kier. Oliwa Pêtla Tramwajowa:</b> <b><u><i>Oliwa ZOO</i></u></b> - Karwieñska - Spacerowa - Stary Rynek Oliwski - Rybiñskiego - <b><u><i>Oliwa Pêtla Tramwajowa</i></u></b><br><br><br></p>|2015-05-01|2015-10-31|1|||ZKM w Gdañsku Sp. z o.o.
148_20140726|148|Autobusy| <p style="margin:0;padding:0;text-align:justify;"><b><br>kier. ¯abianka SKM: </b><b><u><i>Nowy Port Szaniec Zachodni</b></u></i> - W³adys³awa IV - Na Zaspê - Góreckiego - Marynarki Polskiej - Wyzwolenia - Oliwska - Krasickiego - Gdañska - PCK - Dworska - Hallera - Czarny Dwór - Obroñców Wybrze¿a - Ch³opska - Pomorska - Subis³awa - <b><u><i>¯abianka SKM</b></u></i><br><br><br><b><br>kier. Nowy Port Szaniec Zachodni:</b> <b><u><i>¯abianka SKM</b></u></i> - Subis³awa - Rybacka - Gospody - Ch³opska - Obroñców Wybrze¿a - Czarny Dwór - Hallera - Dworska - PCK - Gdañska - Krasickiego - Oliwska - Wyzwolenia - Marynarki Polskiej - Wolno¶ci - W³adys³awa IV - <b><u><i>Nowy Port Szaniec Zachodni</b></u></i><br></p>|2015-05-16||1|||ZKM w Gdañsku Sp. z o.o.
178_20150525_2|178|Autobusy|   <p style="margin:0;padding:0;text-align:justify;"><br><b>kier. Dworzec G³ówny:</b> <b><u><i>Olszynka-Szko³a</b></u></i> - Modra - Jelinki - ¦cie¿ki - £anowa - (wybrane kursy: Gêsia) - Modra - Niwki - Zawodzie - Osiedle - (wybrane kursy: Na Szañcach - Olszynka-Szko³a - Na Szañcach) - Zawodników - Elbl±ska - Podwale Przedmiejskie - Brama Wy¿ynna - <b><u><i>Dworzec G³ówny</b></u></i><br><br><br><br><b>kier. Olszynka-Szko³a:</b> <b><u><i>Dworzec G³ówny</b></u></i> - Brama Wy¿ynna - Podwale Przedmiejskie - Elbl±ska - Zawodników - Na Szañcach - <b><u><i>Olszynka-Szko³a</b></u></i><br></p>|2015-05-25||1|||ZKM w Gdañsku Sp. z o.o.
117_20150701|117|Autobusy|<p style="margin:0;padding:0;text-align:justify;"><br><b>kier. Sopot-Os.Przylesie:</b><br> GDAÑSK: <b><u><i>Jelitkowo Kapliczna</i></u></b> - Piastowska - Oliwa Pêtla Tram. - Obroñców Westerplatte - Polanki - Stary Rynek Oliwski - Opacka - Czy¿ewskiego - SOPOT: Niepodleg³o¶ci - 3-Maja - Ko¶ciuszki - Podjazd - Sikorskiego - Armii Krajowej - 23 Marca - <b><u><i>Sopot-Os.Przylesie</i></u></b><br><br><br><br><b><br>kier. Jelitkowo Kapliczna:</b> SOPOT: <b><u><i>Sopot-Os.Przylesie</i></u></b> - 23 Marca - Armii Krajowej - Sikorskiego - Niepodleglo¶ci - GDAÑSK: Czy¿ewskiego - Cystersów - Rybiñskiego - Oliwa Pêtla Tram. - Piastowska - <b><u><i>Jelitkowo Kapliczna</i></u></b><br><br><br><br></p>|2015-07-09||1||| Warbus Sp. z o.o. i PKS Gdañsk Sp. z o.o.
143_20150701|143|Autobusy|<p style="margin:0;padding:0;text-align:justify;"><b><br>kier. Oliwa PKP:</b> SOPOT: <b><u><i>Sopot-Sanatorium "Le¶nik"</i></u></b> - 23 Marca - Sopot-Os.Przylesie - 23 Marca - Armii Krajowej - Sikorskiego - Podjazd - Ko¶ciuszki - 3-Maja - Bitwy pod P³owcami - GDAÑSK: Jelitkowska - Kapliczna - Piastowska - <b><u><i>Oliwa PKP</i></u></b><br><br><br><b><br>kier. Sopot-Sanatorium "Le¶nik":</b> GDAÑSK: <b><u><i>Oliwa PKP</i></u></b> - Krzywoustego - Poznañska - Piastowska - Kapliczna - Jelitkowska - SOPOT: Bitwy pod P³owcami - Na Wydmach - Grunwaldzka - 3-Maja - Ko¶ciuszki - Podjazd - Sikorskiego - Armii Krajowej - 23 Marca - Sopot-Os. Przylesie** - 23 Marca - <b><u><i>Sopot-Sanatorium "Le¶nik"</i></u></b> <br><br></p>|2015-07-09||1|||Warbus Sp. z o.o.
0N6_20150710|N6|Nocne autobusy|<p style="margin:0;padding:0;text-align:justify;"><br><b>kier. Dworzec G³ówny:</b> <b><u><i>Nied¼wiednik</i></u></b> - Góralska - Potokowa - Rakoczego - Buloñska - Rakoczego - Ja¶kowa Dolina - Piecewska - Trzy Lipy - Beethovena - Powstañców Warszawskich - Nowe Ogrody - 3 Maja - Armii Krajowej - Brama Wy¿ynna - <b><u><i>Dworzec G³ówny</i></u></b> <br><br><br><b><br>kier. Nied¼wiednik:</b> <b><u><i>Dworzec G³ówny</i></u></b> - Brama Wy¿ynna - Armii Krajowej - 3 Maja - Nowe Ogrody - Powstañców Warszawskich - Beethovena - Trzy Lipy - Piecewska - Ja¶kowa Dolina - Rakoczego - Buloñska - Rakoczego - Potokowa - Góralska -  <b><u><i>Nied¼wiednik</i></u></b><br></p>|2015-07-10||1|<span style="color: rgb(204,0,0);">		<br><b>W dniu  27.06.2015 r. (sobota)</b> rozpocznie siê przebudowa ul. Piecewskiej, na odcinku od skrzy¿owania z ul. Ja¶kowa Dolina do skrzy¿owania z ul. Rakoczego. Zmiany dotycz± linii <b>127</b>, <b>130</b>, <b>184</b>, <b>384</b>, <b>N6</b> i <b>N12</b>.<br>Wiêcej informacji mo¿na znale¼æ na <u><a href="http://www.ztm.gda.pl/hmvc/index.php/sipinfo/wiecejk/1709"><b>stronie g³ównej</b></a></u>.<br><br><p></p>||ZKM w Gdañsku Sp. z o.o.
N12_20150710|N12|Nocne autobusy|<p style="margin:0;padding:0;text-align:justify;"><br><b>kier. ¯abianka SKM:</b> <b><u><i>Jasieñska</i></u></b> - My¶liwska - Buloñska - Rakoczego - Ja¶kowa Dolina - Wileñska - Ja¶kowa Dolina - Piecewska - Trzy Lipy - Beethovena - Powstañców Warszawskich - Nowe Ogrody - 3 Maja - Armii Krajowej - Brama Wy¿ynna - Dworzec G³ówny - Wa³y Piastowskie - Jana z Kolna - Marynarki Polskiej - Wyzwolenia - Nowy Port Szaniec Zachodni - W³adys³awa IV - Na Zaspê - Góreckiego - Marynarki Polskiej - Wyzwolenia - Oliwska - Krasickiego - Gdañska - PCK - Dworska - Hallera - Grudzi±dzka - Leszczyñskich - Jana Paw³a II - Czarny Dwór - Obroñców Wybrze¿a - Ch³opska - Pomorska - Subis³awa <b><u><i>¯abianka SKM</i></u></b><br><br><br><b><br>kier. Jasieñska:</b> <b><u><i>¯abianka SKM</i></u></b> - Subis³awa - Pomorska - Ch³opska - Obroñców Wybrze¿a - Czarny Dwór - Jana Paw³a II - Leszczyñskich - Grudzi±dzka - Hallera - Dworska - PCK - Gdañska - Krasickiego - Oliwska - Wyzwolenia - Marynarki Polskiej - Wolno¶ci - W³adys³awa IV - Nowy Port Szaniec Zachodni - Wyzwolenia - Marynarki Polskiej - Jana z Kolna - Wa³y Piastowskie - Dworzec G³ówny - Brama Wy¿ynna - Armii Krajowej - 3 Maja - Nowe Ogrody - Powstañców Warszawskich - Beethovena - Trzy Lipy - Piecewska - Ja¶kowa Dolina - Wileñska - Ja¶kowa Dolina - Rakoczego - Buloñska - My¶liwska - <b><u><i>Jasieñska</i></u></b><br></p>|2015-07-10||1|<span style="color: rgb(204,0,0);">		<br><b>W dniu  27.06.2015 r. (sobota)</b> rozpocznie siê przebudowa ul. Piecewskiej, na odcinku od skrzy¿owania z ul. Ja¶kowa Dolina do skrzy¿owania z ul. Rakoczego. Zmiany dotycz± linii <b>127</b>, <b>130</b>, <b>184</b>, <b>384</b>, <b>N6</b> i <b>N12</b>.<br>Wiêcej informacji mo¿na znale¼æ na <u><a href="http://www.ztm.gda.pl/hmvc/index.php/sipinfo/wiecejk/1709"><b>stronie g³ównej</b></a></u>.<br><br><p></p>||ZKM w Gdañsku Sp. z o.o.
131_20150718|131|Autobusy|<p style="margin:0;padding:0;text-align:justify;"><br><b>kier. Olszynka-Szko³a:</b> <b><u><i>Matemblewo</b></u></i> - Matemblewska - Potokowa - Rakoczego - Schuberta - Beethovena - Powstañców Warszawskich - D±browskiego - 3-Maja - B³êdnik - Dworzec G³ówny - Brama Wy¿ynna - Okopowa - Pod Zrêbem - Dolna Brama - Mostowa - Olszyñska - Miedza - £anowa - Na Szañcach - Modra -  <b><u><i>Olszynka-Szko³a</b></u></i><br><br><br><b><br>kier. Matemblewo:</b> <b><u><i>Olszynka-Szko³a</b></u></i> - Modra - Jelinki - ¦cie¿ki - £anowa - Wspólna - Olszyñska - Mostowa - Dolna Brama - Pod Zrêbem - Okopowa - Brama Wy¿ynna - Dworzec G³ówny - B³êdnik - 3-Maja - D±browskiego - Powstañców Warszawskich - Beethovena - Trzy Lipy - Piecewska - Ja¶kowa Dolina - Rakoczego - Potokowa - Matemblewska - <b><u><i>Matemblewo</b></u></i><br></p>|2015-07-18||1|||ZKM w Gdañsku Sp. z o.o.
N11_20150724|N11|Nocne autobusy|<p style="margin:0;padding:0;text-align:justify;"><br><b>kier. Dworzec G³ówny:</b> <b><u><i>Olszynka-Szko³a</i></u></b> - Modra - Jelinki - ¦cie¿ki - £anowa - Gêsia - Modra - Niwki - Zawodzie - Osiedle - Zawodników - Elbl±ska - Podwale Przedmiejskie - £±kowa - D³ugie Ogrody - Szopy - Kamienna Grobla - Toruñska - Okopowa - Brama Wy¿ynna - <b><u><i>Dworzec G³ówny</i></u></b><br><br><br><br><br><br><b>kier. Olszynka-Szko³a:</b> <b><u><i>Dworzec G³ówny</i></u></b> - Brama Wy¿ynna - Okopowa - Toruñska - Wróbla - £±kowa - Podwale Przedmiejskie - Elbl±ska - Zawodników - Na Szañcach - <b><u><i>Olszynka-Szko³a</i></u></b><br></p>|2015-07-24||1|||ZKM w Gdañsku Sp. z o.o.
106_20150725|106|Autobusy|<p style="margin:0;padding:0;text-align:justify;"><br><b>kier. Westerplatte:</b><b><i><u> Dworzec G³ówny </u></i></b>- Brama Wy¿ynna - Okopowa - Toruñska - Wróbla - £±kowa - Podwale Przedmiejskie - Elbl±ska - most Jana Paw³a II (wantowy) - Sucharskiego - Ku Uj¶ciu - Pok³adowa - Sucharskiego - <br><b><i><u> Westerplatte </u></i></b><br><br><br><br><b> kier. Dworzec G³ówny:</b><b><i><u> Westerplatte </u></i></b> - Sucharskiego - Pok³adowa - Ku Uj¶ciu - Sucharskiego - Lenartowicza - Sucharskiego - most Jana Paw³a II (wantowy) - Elbl±ska - Podwale Przedmiejskie - £±kowa - D³ugie Ogrody - Szopy - Kamienna Grobla - Toruñska - Okopowa - Brama Wy¿ynna - <b><i><u>Dworzec G³ówny</u></i></b><br></p>|2015-07-25||1|||ZKM w Gdañsku Sp. z o.o.
111_20150725|111|Autobusy| <p style="margin:0;padding:0;text-align:justify;"><br><b>kier. Górki Zachodnie:</b> <b><i><u>Dworzec G³ówny</u></i></b> - Brama Wy¿ynna - Okopowa - Toruñska - Wróbla - £±kowa - Podwale Przedmiejskie - Elbl±ska - Sucharskiego - most Jana Paw³a II (wantowy) - Budzysza - Sienna - Stryjewskiego - Sówki - Kêpna - £owicka - <b><i><u>Górki Zachodnie</u></i></b><br><br><br><br><b>kier. Dworzec G³ówny:</b> <b><i><u>Górki Zachodnie</u></i></b> - £owicka - Kêpna - Sówki - Stryjewskiego - Budzysza - Lenartowicza - most Jana Paw³a II (wantowy) - Elbl±ska - Podwale Przedmiejskie - £±kowa - D³ugie Ogrody - Szopy - Kamienna Grobla - Dolna - £±kowa - ¦luza - Kamienna Grobla - Toruñska - Okopowa - Brama Wy¿ynna - <b><i><u>Dworzec G³ówny</u></i></b><br></p>|2015-07-25||1|||ZKM w Gdañsku Sp. z o.o.
200_20150822|200|Autobusy|<p style="margin:0;padding:0;text-align:justify;"><br><b>kier. Pruszcz Gd.-Os. Wschód: </b>GDAÑSK: <b><u><i>Dworzec G³ówny</i></u></b> - Brama Wy¿ynna - Okopowa - Trakt ¶w. Wojciecha - PRUSZCZ GD.: Grunwaldzka - (wybrane kursy: Chopina - Powstañców Warszawy - Plater - Kochanowskiego - Ga³czyñskiego - <b><u><i>Pruszcz Gd.-Os. Wschód</i></u></b>) Przemys³owa - PCK - Kasprowicza - Ga³czyñskiego - <b><u><i>Pruszcz Gd.-Os. Wschód</i></u></b><br><br><br><br><b>kier. Dworzec G³ówny:</b> PRUSZCZ GD.: <b><u><i>Pruszcz Gd.-Os. Wschód</i></u></b> - - Ga³czyñskiego - (wybrane kursy: Kasprowicza - PCK - Przemys³owa - Grunwaldzka - GDAÑSK) - Kochanowskiego - Plater - Powstañców Warszawy - Chopina - Grunwaldzka - GDAÑSK: Trakt ¶w. Wojciecha - Okopowa - Brama Wy¿ynna - <b><u><i>Dworzec G³ówny</i></u></b><br></p>|2015-08-22||1|||PKS Gdañsk Sp. z o.o.
207_20150822|207|Autobusy|<p style="margin:0;padding:0;text-align:justify;"><br><b>w obu kier.:</b> GDAÑSK: <b><u><i>Dworzec G³ówny</i></u></b> - Brama Wy¿ynna - Okopowa - Trakt ¶w. Wojciecha - PRUSZCZ GD.: Grunwaldzka - Chopina - Powstañców Warszawy - Obroñców Westerplatte - Kasprowicza - Ga³czyñskiego - Kochanowskiego - Plater - Powstañców Warszawy - Skalskiego - <b><u><i>Pruszcz Gd.-Komarowo</i></u></b><br></p>|2015-08-22||1|||PKS Gdañsk Sp. z o.o.
100_20140111|100|Autobusy| <p style="margin:0;padding:0;margin-bottom:1em;text-align:justify;"><br><span style="font-weight:bold">kier. Targ Rybny</span>: <b><u><i>Dworzec G³ówny</b></u></i> - Podwale Grodzkie - Wa³y Jagielloñskie - Targ Drzewny - Targ Wêglowy - Bogus³awskiego - Zbytki - Ogarna - Mieszczañska - Ku¶nierska - Chlebnicka - Klesza - Krowia - ¦wiêtego Ducha - Przêdzalnicza - Szeroka - Tokarska - Warzywnicza - <b><u><i>Targ Rybny</b></u></i><br></p><br><p style="margin:0;padding:0;margin-top:1em;text-align:justify;"><br><span style="font-weight:bold">kier. Dworzec G³ówny</span>: <b><u><i>Targ Rybny</b></u></i> - Podwale Staromiejskie - Igielnicka - Stolarska - £agiewniki - Aksamitna - Wa³owa - £agiewniki - Wa³y Piastowskie - <b><u><i>Dworzec G³ówny</b></u></i><br></p>|2015-08-23||1|||ZKM w Gdañsku Sp. z o.o.
155_20150824|155|Autobusy|<p style="margin:0;padding:0;text-align:justify;"><b><br>w obu kier.:</b> <b><u><i>Jaworzniaków</b></u></i> - Guderskiego - ¦wiêtokrzyska - <b><u><i>£ostowice ¦wiêtokrzyska</b></u></i><br></p>|2015-08-24||1|||ZKM w Gdañsku Sp. z o.o.
158_20150824|158|Autobusy|<p style="margin:0;padding:0;text-align:justify;"><br><b>kier. Wrzeszcz PKP:</b> <b><u><i>Nowy Port Szaniec Zachodni</b></u></i> - W³adys³awa IV - Na Zaspê - Góreckiego - Marynarki Polskiej - ¯aglowa - Pokoleñ Lechii Gdañsk - "Nowa Uczniowska" - Czarny Dwór - Jana Paw³a II - Zaspa SKM - Hynka - Braci Lewoniewskich - Grunwaldzka - Dmowskiego - <b><u><i>Wrzeszcz PKP</b></u></i><br><br><br><b><br>kier. Nowy Port Szaniec Zachodni:</b> <b><u><i>Wrzeszcz PKP</b></u></i> - Lendziona - Grunwaldzka - ¯o³nierzy Wyklêtych - Ko¶ciuszki - Hynka -  Zaspa SKM - Jana Paw³a II - Czarny Dwór - "Nowa Uczniowska" - Pokoleñ Lechii Gdañsk - ¯aglowa - Marynarki Polskiej - Wolno¶ci - W³adys³awa IV - <b><u><i>Nowy Port Szaniec Zachodni</b></u></i><br></p> |2015-08-24||1|||ZKM w Gdañsku Sp. z o.o.
162_20150824|162|Autobusy|<p style="margin:0;padding:0;text-align:justify;"><b><br>kier. Wrzeszcz PKP: </b><b><u><i>Orunia Górna</i></u></b> - Krzemowa - Platynowa - ¦wiêtokrzyska - Havla - £ostowicka - Nowolipie - Rakoczego - Ja¶kowa Dolina - Konopnickiej - Zator Przystockiego - Dmowskiego - <b><u><i>Wrzeszcz PKP</i></u></b><br><br><br><br><b><br>kier. Orunia Górna:</b> <b><u><i>Wrzeszcz PKP</i></u></b> - Dmowskiego - Ja¶kowa Dolina - Rakoczego - Nowolipie - £ostowicka - Havla - ¦wiêtokrzyska - Platynowa - Uranowa - Krzemowa - <b><u><i>Orunia Górna</i></u></b><br></p>|2015-08-24||1|||ZKM w Gdañsku Sp. z o.o.
188_20150824|188|Autobusy|<p style="margin:0;padding:0;text-align:justify;"><b><br>kier. Nowy Port Szaniec Zachodni:</b> <b><u><i>Zaspa SKM</b></u></i> - Jana Paw³a II - Czarny Dwór - Hallera - Dworska - PCK - Gdañska - Krasickiego - Oliwska - Rybo³owców - Wolno¶ci - W³adys³awa IV - <b><u><i>Nowy Port Szaniec Zachodni</b></u></i><br><br><b><br>kier. Zaspa SKM:</b> <b><u><i>Nowy Port Szaniec Zachodni</b></u></i> - W³adys³awa IV - Na Zaspê - Oliwska - Krasickiego - Gdañska - PCK - Dworska - Hallera - Czarny Dwór - Jana Paw³a II - <b><u><i>Zaspa SKM</b></u></i><br><br></p>|2015-08-24||1|||ZKM w Gdañsku Sp. z o.o.
262_20150824|262|Autobusy|<p style="margin:0;padding:0;text-align:justify;"><b><br>kier. Wrzeszcz PKP:</b> <b><u><i>Jaworzniaków</b></u></i> - Guderskiego - ¦wiêtokrzyska - Havla - Wilanowska - Havla - £ostowicka - Nowolipie - Rakoczego - Ja¶kowa Dolina - Konopnickiej - Zator Przytockiego - Dmowskiego - <b><u><i>Wrzeszcz PKP</b></u></i><br><br><br><b><br>kier. Jaworzniaków: </b><b><u><i>Wrzeszcz PKP</b></u></i> - Dmowskiego - Ja¶kowa Dolina - Rakoczego - Nowolipie - £ostowicka - Havla - Wilanowska - Havla - ¦wiêtokrzyska - Guderskiego - <b><u><i>Jaworzniaków</b></u></i><br></p>|2015-08-24||1|||ZKM w Gdañsku Sp. z o.o.
129_20150831|129|Autobusy|<p style="margin:0;padding:0;text-align:justify;"><br><b>kier. Jasieñ PKM:</b> <b><u><i>Wrzeszcz PKP</b></u></i> - Dmowskiego - Ja¶kowa Dolina - Rakoczego - Buloñska - My¶liwska - <b><u><i>Jasieñ PKM</b></u></i><br><br><br><b><br>kier. Wrzeszcz PKP:</b> <b><u><i>Jasieñ PKM</b></u></i> - My¶liwska - Buloñska - Rakoczego - Ja¶kowa Dolina - Konopnickiej - Zator Przytockiego - Dmowskiego - <b><u><i>Wrzeszcz PKP</b></u></i><br></p>|2015-08-28||1|||ZKM w Gdañsku Sp. z o.o.
002_20150831|2|Tramwaje|<p style="text-align: justify; margin-top: 0"><br><b><u><i>£ostowice ¦wiêtokrzyska</i></u></b> - Havla - Witosa - Sikorskiego - Armii Krajowej - Okopowa - Wa³y Jagielloñskie (Brama Wy¿ynna) - Podwale Grodzkie (Dworzec G³ówny) - B³êdnik - Zwyciêstwa - Hallera - Mickiewicza - Legionów - Rzeczypospolitej - Ch³opska - Pomorska - Grunwaldzka - <b><u><i>Oliwa</i></u></b><br></p><br><p style="text-align: justify; margin-bottom: 0;"><br><b><u><i>Oliwa</i></u></b> - Grunwaldzka - Pomorska - Ch³opska - Rzeczypospolitej - Legionów - Mickiewicza - Hallera - Zwyciestwa - B³êdnik - Podwale Grodzkie (Dworzec G³ówny) - Wa³y Jagielloñskie (Brama Wy¿ynna) - Okopowa - Armii Krajowej - Sikorskiego - Witosa - Havla - <b><u><i>£ostowice ¦wiêtokrzyska</i></u></b><br></p|2015-08-31||1|||ZKM w Gdañsku Sp. z o.o.
003_20150831_2|3|Tramwaje|<p style="text-align: justify; margin-top: 0"><br><b><u><i>Stogi Pasanil</i></u></b> - Stryjewskiego - Budzysza - Lenartowicza - Siennicka - Podwale Przedmiejskie - Okopowa - Wa³y Jagielloñskie (Brama Wy¿ynna) - Podwale Grodzkie (Dworzec G³ówny) - B³êdnik - Zwyciêstwa - Hallera - Uczniowska - Gdañska - <b><u><i>Brze¼no</i></u></b><br></p><br><p style="text-align: justify; margin-bottom: 0;"><br><b><u><i>Brze¼no</i></u></b> - Mazurska - Hallera - Zwyciêstwa - B³êdnik - Wa³y Piastowkie - Podwale Grodzkie (Dworzec G³ówny) - Wa³y Jagielloñskie (Brama Wy¿ynna) - Okopowa - Podwale Przedmiejskie - Siennicka - Lenartowicza - Budzysza - Stryjewskiego - <b><u><i>Stogi Pasanil</i></u></b><br></p>|2015-08-31||0|||ZKM w Gdañsku Sp. z o.o.
004_20150831|4|Tramwaje|<p style="text-align: justify; margin-top: 0"><br><b>w obu kier.: </b> <b><u><i>Jelitkowo</b></u></i> - Pomorska - Ch³opska - Rzeczypospolitej - Legionów - Mickiewicza - Hallera - Zwyciêstwa - 3 Maja - Nowe Ogrody - Kartuska - <b><u><i>Siedlce</b></u></i><br></p>|2015-08-31||1|||ZKM w Gdañsku Sp. z o.o.
005_20150831|5|Tramwaje|<p style="text-align: justify; margin-top: 0"><br><b><u><i>Strzy¿a</b></u></i> - Wita Stwosza - Wojska Polskiego - Grunwaldzka - Galeria Ba³tycka - Grunwaldzka - Zwyciêstwa - Hallera - Uczniowska - Gdañska - Krasickiego - Oliwska - Rybo³owców - Wolno¶ci - W³adys³awa IV - <b><u><i>Nowy Port (Oliwska)</b></u></i><br></p><br><p style="text-align: justify; margin-bottom: 0;"><br><b><u><i>Nowy Port (Oliwska)</b></u></i> - Krasickiego - Mazurska - Hallera - Zwyciêstwa - Grunwaldzka - Galeria Ba³tycka - Grunwaldzka - Wojska Polskiego - Wita Stwosza - <b><u><i>Strzy¿a</b></u></i><br></p><br>|2015-08-31||0|||ZKM w Gdañsku Sp. z o.o.
006_20150831|6|Tramwaje|<p style="text-align: justify; margin-top: 0"><br><b><u><i>£ostowice ¦wiêtokrzyska</i></u></b> - Havla - Witosa - Sikorskiego - Armii Krajowej - Okopowa - Wa³y Jagielloñskie (Brama Wy¿ynna) - Podwale Grodzkie (Dworzec G³ówny) - B³êdnik - Zwyciêstwa - Grunwaldzka - Galeria Ba³tycka - Grunwaldzka - Wojska Polskiego - Wita Stwosza - Oliwa - Grunwaldzka - Pomorska - <b><u><i>Jelitkowo</i></u></b><br></p><br><p style="text-align: justify; margin-bottom: 0;"><br><b><u><i>Jelitkowo</i></u></b> - Pomorska - Grunwaldzka - Oliwa - Wita Stwosza - Wojska Polskiego - Grunwaldzka - Galeria Ba³tycka - Grunwaldzka - Zwyciêstwa - B³êdnik - Podwale Grodzkie (Dworzec G³ówny) - Wa³y Jagielloñskie (Brama Wy¿ynna) - Okopowa - Armii Krajowej - Sikorskiego - Witosa - Havla - <b><u><i>£ostowice ¦wiêtokrzyska</i></u></b><br></p>|2015-08-31||1|||ZKM w Gdañsku Sp. z o.o.
008_20150831_2|8|Tramwaje|<p style="text-align: justify; margin-top: 0"><br><b><u><i>Stogi Pla¿a</i></u></b> - Nowotna - Stryjewskiego - Budzysza - Lenartowicza - Siennicka - Podwale Przedmiejskie - Okopowa - Wa³y Jagielloñskie (Brama Wy¿ynna) - Podwale Grodzkie (Dworzec G³ówny) - Wa³y Piastowskie - Jana z Kolna - Marynarki Polskiej - Kliniczna - Hallera - Mickiewicza - Legionów - Rzeczypospolitej - Ch³opska - Pomorska - <b><u><i>Jelitkowo</i></u></b><br></p><br><p style="text-align: justify; margin-bottom: 0;"><br><b><u><i>Jelitkowo</i></u></b> - Pomorska - Ch³opska - Rzeczypospolitej - Legionów - Mickiewicza - Hallera - Kliniczna - Marynarki Polskiej - Jana z Kolna - Wa³y Piastowkie - Podwale Grodzkie (Dworzec G³ówny) - Wa³y Jagielloñskie (Brama Wy¿ynna) - Okopowa - Podwale Przedmiejskie - Siennicka - Lenartowicza - Budzysza - Stryjewskiego - Nowotna - <b><u><i>Stogi Pla¿a</i></u></b><br></p> |2015-08-31||0|||ZKM w Gdañsku Sp. z o.o.
009_20150831|9|Tramwaje|<p style="margin:0;padding:0;text-align:justify;"><br><b><i><u>Strzy¿a PKM</u></i></b> - Wita Stwosza - Wojska Polskiego - Grunwaldzka - Galeria Ba³tycka - Grunwaldzka - Zwyciêstwa - B³êdnik - Podwale Grodzkie (Dworzec G³ówny) - Wa³y Jagielloñskie (Brama Wy¿ynna) - Okopowa - Podwale Przedmiejskie - Siennicka - <b><i><u>Przeróbka </u></i></b><br><br><br><br><br><b><i><u>Przeróbka </u></i></b> - Siennicka - Podwale Przedmiejskie - Okopowa - Wa³y Jagielloñskie (Brama Wy¿ynna) - Podwale Grodzkie (Dworzec G³ówny) - B³êdnik - Zwyciêstwa - Grunwaldzka - Galeria Ba³tycka - Grunwaldzka - Wojska Polskiego - Wita Stwosza - <b><i><u>Strzy¿a PKM</u></i></b><br></p>|2015-08-31||1|||ZKM w Gdañsku Sp. z o.o.
010_20150831|10|Tramwaje|<p style="text-align: justify; margin-top: 0"><br><b><u><i>Brêtowo PKM</i></u></b> - Rakoczego - Nowolipie - Kartuska - Nowe Ogrody - 3 Maja - Zwyciêstwa - Hallera - Kliniczna - Marynarki Polskiej - PGE Arena - Marynarki Polskiej - Wolno¶ci - W³adys³awa IV - Strajku Dokerów - <b><u><i>Nowy Port (Góreckiego)</i></u></b><br></p><br><p style="text-align: justify; margin-bottom: 0;"><br><b><u><i>Nowy Port (Góreckiego)</i></u></b> - Strajku Dokerów - Góreckiego - Marynarki Polskiej - PGE Arena - Marynarki Polskiej - Kliniczna - Hallera - Zwyciêstwa - 3 Maja - Nowe Ogrody - Kartuska - Nowolipie - Rakoczego - <b><u><i>Brêtowo PKM</i></u></b><br></p>|2015-08-31||1|||ZKM w Gdañsku Sp. z o.o.
011_20150803|11|Tramwaje|<p style="text-align: justify; margin-top: 0"><br><b><u><i>Che³m Witosa</i></u></b> - Sikorskiego - Armii Krajowej - Wa³y Jagielloñskie (Brama Wy¿ynna) - Podwale Grodzkie (Dworzec G³ówny) -  B³êdnik - Zwyciêstwa - Grunwaldzka - Galeria Ba³tycka - Grunwaldzka - Wojska Polskiego - Wita Stwosza - Oliwa - Grunwaldzka - Pomorska - Ch³opska - <b><u><i>Zaspa</i></u></b><br></p><br><p style="text-align: justify; margin-bottom: 0;"><br><b><u><i>Zaspa</i></u></b> - Ch³opska - Pomorska - Grunwaldzka - Oliwa - Wita Stwosza - Wojska Polskiego - Grunwaldzka - Galeria Ba³tycka - Grunwaldzka - Zwyciêstwa - B³êdnik - Podwale Grodzkie (Dworzec G³ówny) - Wa³y Jagielloñskie (Brama Wy¿ynna) - Armii Krajowej - Sikorskiego - <b><u><i>Che³m Witosa</i></u></b><br></p>|2015-08-31||1|||ZKM w Gdañsku Sp. z o.o.
012_20150831|12|Tramwaje|<p style="text-align: justify; margin-top: 0"><br><b><u><i>Migowo</i></u></b> - Buloñska - Rakoczego - Nowolipie - Kartuska - Nowe Ogrody - 3 Maja - Zwyciêstwa - Grunwaldzka - Wojska Polskiego - Wita Stwosza - <b><u><i>Oliwa</i></u></b><br></p><br><p style="text-align: justify; margin-bottom: 0;"><br><b><u><i>Oliwa</i></u></b> - Wita Stwosza - Wojska Polskiego - Grunwaldzka - Zwyciêstwa - 3 Maja - Nowe Ogrody - Kartuska - Nowolipie - Rakoczego - Buloñska - <b><u><i>Migowo</i></u></b><br></p>|2015-08-31||1|||ZKM w Gdañsku Sp. z o.o.
0N3_20150831_2|N3|Nocne autobusy|<p style="margin:0;padding:0;text-align:justify;"> <br><b>w obu kier.:</b> <b><u><i>Wrzeszcz PKP</b></u></i> - Dmowskiego - ¯o³nierzy Wyklêtych - S³owackiego - Port Lotniczy - S³owackiego - Budowlanych - Nowatorów - (powrót: Fabryczna) - Kartuska - (wybrane kursy: Otomiñska - Goplañska - Kie³pino Górne (Wêsierska) - Goplañska - Otomiñska - Kartuska) - Armii Krajowej - Kartuska - ¬ródlana - Kartuska - Nowe Ogrody - 3 Maja - Armii Krajowej - Brama Wy¿ynna - <b><u><i>Dworzec G³ówny</b></u></i><br></p>|2015-08-31||1|||ZKM w Gdañsku Sp. z o.o.
110_20150831|110|Autobusy|<p style="margin:0;padding:0;text-align:justify;"><br><b>kier. Port Lotniczy:</b> <b><i><u>Wrzeszcz PKP</b></i></u> - Dmowskiego - ¯o³nierzy Wyklêtych - S³owackiego - Z³ota Karczma - S³owackiego - Radarowa - Radiowa - Spadochroniarzy - <b><i><u>Port Lotniczy</b></i></u><br> <br><br><br><b>kier. Wrzeszcz PKP:</b> <b><i><u>Port Lotniczy</b></i></u> - S³owackiego - Z³ota Karczma - S³owackiego - ¯o³nierzy Wyklêtych - Dmowskiego - <b><i><u>Wrzeszcz PKP</b></i></u><br></p>|2015-08-31||1|||ZKM w Gdañsku Sp. z o.o.
113_20150831|113|Autobusy|<p style="text-align:justify;"><br><b>w obu kier.:</b> <b><u><i>Go¶cinna</b></u></i> - Trakt ¦w. Wojciecha - Podmiejska - Ma³omiejska - ¦wiêtokrzyska - Niepo³omicka - Kampinoska - Niepo³omicka - Przebi¶niegowa - Wielkopolska - Ofiar Grudnia 70 - <b><u><i>Olimpijska</b></u></i><br></p>|2015-08-31||1|||ZKM w Gdañsku Sp. z o.o.
115_20150831|115|Autobusy|<p style="margin:0;padding:0;text-align:justify;"><br><b>kier. Wrzeszcz PKP: </b><b><u><i>Dworzec PKS</i></u></b> - 3 Maja - Nowe Ogrody - Powstañców Warszawskich - Beethovena - Sobieskiego - Traugutta - Do Studzienki - Miszewskiego - Zator Przytockiego - Dmowskiego - <b><u><i>Wrzeszcz PKP</i></u></b><br><br><br><br><b>kier. Dworzec PKS:</b> <b><u><i>Wrzeszcz PKP</i></u></b> - Dmowskiego - Grunwaldzka - Do Studzienki - Traugutta - Sobieskiego - Beethovena - Powstañców Warszawskich - Nowe Ogrody - 3 Maja - <b><u><i>Dworzec PKS</i></u></b><br><br><br></p>|2015-08-31||1|<p><br>W pozosta³ych godzinach funkcjonuje <a href="http://www.ztm.gda.pl/rozklady/start-315_20150831-1.html"><span style="text-decoration:underline;color:#000099"><b>linia 315</b></span></a>.<br></p><br>||ZKM w Gdañsku Sp. z o.o.
116_20150831|116|Autobusy|<p style="margin:0;padding:0;text-align:justify;"><br><b>w obu kier.:</b> <b><i><u>Wrzeszcz PKP</u></i></b> - Dmowskiego - ¯o³nierzy Wyklêtych - Chrzanowskiego - S³owackiego - Potokowa - Brêtowo PKM - Potokowa - Matemblewska - <b><i><u>Matemblewo</u></i></b><br></p>|2015-08-31||1|||ZKM w Gdañsku Sp. z o.o.
122_20150831_2|122|Autobusy|<p style="margin:0;padding:0;text-align:justify;"><br><b>kier. Sopot-Kamienny Potok SKM:</b> GDAÑSK: <u><i><b>Port Lotniczy</b></i></u> - S³owackiego - ¯o³nierzy Wyklêtych - Grunwaldzka - "Droga Zielona" - SOPOT: £okietka - Polna - Bitwy pod P³owcami - Na Wydmach - Grunwaldzka - Powstañców Warszawy - Haffnera - Niepodleg³o¶ci - <u><i><b>Sopot-Kamienny Potok SKM</b></i></u><br><br><br><b><br>kier. Port Lotniczy:</b> SOPOT: <u><i><b>Sopot-Kamienny Potok SKM</b></i></u> - Niepodleg³o¶ci - Armii Krajowej - Niepodleg³o¶ci - 3-Maja - W³adys³awa IV - £okietka - "Droga Zielona" - GDAÑSK: Grunwaldzka - ¯o³nierzy Wyklêtych - S³owackiego - Spadochroniarzy - <u><i><b>Port Lotniczy</b></i></u><br></p>|2015-08-31||1|||Warbus Sp. z o.o.
126_20150831|126|Autobusy|<p style="margin:0;padding:0;text-align:justify;"><br><b>w obu kier.:</b> GDAÑSK: <b><u><i>Wrzeszcz PKP</i></u></b> - Dmowskiego - ¯o³nierzy Wyklêtych - S³owackiego - Budowlanych - Nowatorów - GM. ¯UKOWO: Rêbiechowo - Banino** - Miszewo - Pêpowo - Ma³kowo - ¯ukowo - <b><u><i>¯ukowo-Urz±d Gminy </i></u></b><br></p><br><p style="margin:0;padding:0;text-align:justify;line-height: 230%;"><i> ** - wybrane kursy tylko do: Banino</i> </p|2015-08-31||1|||Warbus Sp. z o.o.
130_20150831|130|Autobusy|<p style="margin:0;padding:0;text-align:justify;"><b><br>kier. Dworzec PKS: </b><b><u><i>Jasieñ PKM</b></u></i> - My¶liwska - Buloñska - Rakoczego - Ja¶kowa Dolina - Piecewska - Trzy Lipy - Beethovena - Powstañców Warszawskich - Nowe Ogrody - 3 Maja - <b><u><i>Dworzec PKS</b></u></i><br><br><br><b><br>kier. Jasieñ PKM:</b> <b><u><i>Dworzec PKS</b></u></i> - 3 Maja - Nowe Ogrody - Powstañców Warszawskich - Beethovena - Trzy Lipy - Piecewska - Ja¶kowa Dolina - Rakoczego - Buloñska - My¶liwska - <b><u><i>Jasieñ PKM</b></u></i><br></p> |2015-08-31||1|<span style="color: rgb(204,0,0);">		<br><b>W dniu  27.06.2015 r. (sobota)</b> rozpocznie siê przebudowa ul. Piecewskiej, na odcinku od skrzy¿owania z ul. Ja¶kowa Dolina do skrzy¿owania z ul. Rakoczego. Zmiany dotycz± linii <b>127</b>, <b>130</b>, <b>184</b>, <b>384</b>, <b>N6</b> i <b>N12</b>.<br>Wiêcej informacji mo¿na znale¼æ na <u><a href="http://www.ztm.gda.pl/hmvc/index.php/sipinfo/wiecejk/1709"><b>stronie g³ównej</b></a></u>.<br><br><p></p>||ZKM w Gdañsku Sp. z o.o.
139_20150831|139|Autobusy|<p style="margin:0;padding:0;text-align:justify;"><br><b>w obu kier.: </b><b><u><i>Przymorze SKM</b></u></i> - Ko³obrzeska - D±browszczaków - Jagielloñska - Ch³opska - Bora-Komorowskiego - Droszyñskiego - <b><u><i>Oliwa PKP</b></u></i><br></p>|2015-08-31||1|<p>W pozosta³ych godzinach funkcjonuje <a href="http://www.ztm.gda.pl/rozklady/start-315_20150831-1.html"><span style="text-decoration:underline;color:#000099"><b>linia 315</b></span></a>.<br></p>||ZKM w Gdañsku Sp. z o.o.
156_20150831|156|Autobusy|<p style="margin:0;padding:0;text-align:justify;"><br><b>w obu kier.: </b><b><u><i>Rêbowo</i></u></b> - Guderskiego - Czermiñskiego - Przywidzka - Jab³oniowa - (wybrany kurs: Zak³ad Utylizacyjny - Jab³oniowa) - Warszawska - Piotrkowska - Warszawska - £ódzka - Havla - £ostowicka - Kartuska - <b><u><i>Siedlce</i></u></b><br><br></p>|2015-08-31||1|||ZKM w Gdañsku Sp. z o.o.
157_20150831|157|Autobusy|<p style="margin:0;padding:0;text-align:justify;"><b><br>w obu kier.:</b> <b><u><i>Bysewo</b></u></i> - Budowlanych - (wybrane kursy: Nowatorów - Kartuska - Fabryczna - Nowatorów - Budowlanych) - S³owackiego - ¯o³nierzy Wyklêtych - Dmowskiego - <b><u><i>Wrzeszcz PKP</b></u></i><br></p>|2015-08-31||1|||ZKM w Gdañsku Sp. z o.o.
164_20150831|164|Autobusy|<p style="margin:0;padding:0;text-align:justify;"><br><b>kier. Wrzeszcz PKP:</b> <b><u><i>Kie³pinek PKM</b></u></i> - Szczê¶liwa - tzw. Kartuska Pó³nocna - Kartuska - ¬ródlana - Kartuska - Jab³oniowa - Warszawska - Piotrkowska - Warszawska - £ódzka - Havla - £ostowicka - Nowolipie - Schuberta - Sobieskiego - Traugutta - Do Studzienki - Miszewskiego - Zator Przytockiego - Dmowskiego - <b><u><i>Wrzeszcz PKP</b></u></i><br><br><br><b><br>kier. Kie³pinek PKM: </b><b><u><i>Wrzeszcz PKP</b></u></i> - Dmowskiego - Grunwaldzka - Do Studzienki - Traugutta - Sobieskiego - Schuberta - Nowolipie - £ostowicka - Havla - £ódzka - Warszawska - Piotrkowska - Warszawska - Jab³oniowa - Kartuska - Armii Krajowej - tzw. Kartuska Pó³nocna - Szczê¶liwa - <b><u><i>Kie³pinek PKM</b></u></i><br></p>|2015-08-31||1|||ZKM w Gdañsku Sp. z o.o.
167_20150831|167|Autobusy|<p style="margin:0;padding:0;text-align:justify;"><br><b>w obu kier.:</b> <b><u><i>Bysewo</b></u></i> - Budowlanych - Nowatorów - (powrót: Fabryczna) - Kartuska - Armii Krajowej - tzw. Kartuska Pó³nocna - Kartuska - ¬ródlana - Kartuska - <b><u><i>Siedlce</b></u></i></p>|2015-08-31||1|||ZKM w Gdañsku Sp. z o.o.
168_20150831_2|168|Autobusy|<p style="margin:0;padding:0;text-align:justify;"><br><b>kier. Wrzeszcz PKP:</b> <b><u><i>Kie³pino Górne Wêsierska</b></u></i> - Goplañska - Otomiñska - Kartuska - Armii Krajowej - tzw. Kartuska Pó³nocna - Kartuska - ¬ródlana - Kartuska - Siedlce - Kartuska - Nowolipie - Schuberta - Sobieskiego - Traugutta - Do Studzienki - Miszewskiego - Zator Przytockiego - Dmowskiego - <b><u><i>Wrzeszcz PKP</b></u></i><br><br><br><b><br>kier. Kie³pino Górne (Wêsierska): </b><b><u><i>Wrzeszcz PKP</b></u></i> - Dmowskiego - Grunwaldzka - Do Studzienki - Traugutta - Sobieskiego - Schuberta - Nowolipie - Kartuska - Siedlce - Kartuska - ¬ródlana - Kartuska - tzw. Kartuska Pó³nocna - Armii Krajowej - Kartuska - Otomiñska - Goplañska - <b><u><i>Kie³pino Górne (Wêsierska)</b></u></i><br></p>|2015-08-31||1|||ZKM w Gdañsku Sp. z o.o.
174_20150831|174|Autobusy|<p style="margin:0;padding:0;text-align:justify;"><br><b>w obu kier.</b>: GM. KOLBUDY: <b><u><i>Otomin-Pêtla</i></u></b> - S³oneczna - Lubowidzka - GDAÑSK: Lubowidzka - Jab³oniowa - (wybrane kursy: Przywidzka - Czermiñskiego - Przywidzka - Jab³oniowa) - Warszawska - Piotrkowska - Warszawska - £ódzka - Havla - Wilanowska - Witosa - <b><u><i>Che³m Witosa</i></u></b></p> <br>|2015-08-31||1|||PKS Gdañsk Sp. z o.o.
175_20150831|175|Autobusy|<p style="margin:0;padding:0;text-align:justify;"><b><br>w kier. Siedlce: </b><b><u><i>Maækowy Mleczarnia</i></u></b> - Bartnicza - Starogardzka - Niepo³omicka - Srebrna - Kampinoska - Srebrna - Niepo³omicka - ¦wiêtokrzyska - Havla - £ostowicka - Kartuska - <b><u><i>Siedlce</i></u></b><br><br><br><br><br><b>kier. Maækowy Mleczarnia:</b> <b><u><i>Siedlce</i></u></b> - Kartuska - £ostowicka - Havla - ¦wiêtokrzyska - Niepo³omicka - Srebrna - Kampinoska - Srebrna - Niepo³omicka - Starogardzka - Bartnicza - <b><u><i>Maækowy Mleczarnia</i></u></b>     <br></p>|2015-08-31||1|||ZKM w Gdañsku Sp. z o.o.
184_20150831|184|Autobusy|<p style="margin:0;padding:0;text-align:justify;"><br><b>w obu kier.:</b> <b><u><i>Nied¼wiednik</b></u></i> - Góralska - Potokowa - Rakoczego - Ja¶kowa Dolina - Wileñska - Ja¶kowa Dolina - Piecewska - Trzy Lipy - Beethovena - Powstañców Warszawskich - Nowe Ogrody - 3 Maja - <b><u><i>Dworzec PKS</b></u></i></p>|2015-08-31||1|<span style="color: rgb(204,0,0);">		<br><b>W dniu  27.06.2015 r. (sobota)</b> rozpocznie siê przebudowa ul. Piecewskiej, na odcinku od skrzy¿owania z ul. Ja¶kowa Dolina do skrzy¿owania z ul. Rakoczego. Zmiany dotycz± linii <b>127</b>, <b>130</b>, <b>184</b>, <b>384</b>, <b>N6</b> i <b>N12</b>.<br>Wiêcej informacji mo¿na znale¼æ na <u><a href="http://www.ztm.gda.pl/hmvc/index.php/sipinfo/wiecejk/1709"><b>stronie g³ównej</b></a></u>.<br><br><p></p>||ZKM w Gdañsku Sp. z o.o.
199_20150831|199|Autobusy|<p style="margin:0;padding:0;text-align:justify;"><b><br>kier. Oliwa PKP:</b> <b><u><i>Suchanino</b></u></i> - Powstañców Warszawskich - Beethovena - Schuberta - Sobieskiego - Traugutta - Do Studzienki - Miszewskiego - Zator Przytockiego - Dmowskiego - Wrzeszcz PKP - Lendziona - Grunwaldzka - Ko³obrzeska - D±browszczaków - Jagielloñska - Ch³opska - Bora-Komorowskiego - Droszyñskiego - <b><u><i>Oliwa PKP</b></u></i><br><br><b><br>kier. Suchanino: </b><b><u><i>Oliwa PKP</b></u></i> - Droszyñskiego - Bora-Komorowskiego - Ch³opska - Jagielloñska - D±browszczaków - Ko³obrzeska - Grunwaldzka - Do Studzienki - Traugutta - Sobieskiego - Schuberta - Beethovena - Powstañców Warszawskich - <b><u><i>Suchanino</b></u></i><br></p> |2015-08-31||1|<p>W pozosta³ych godzinach funkcjonuje <a href="http://www.ztm.gda.pl/rozklady/start-315_20150831-1.html"><span style="text-decoration:underline;color:#000099"><b>linia 315</b></span></a>.<br></p>||ZKM w Gdañsku Sp. z o.o.
210_20150831_2|210|Autobusy|<p style="margin:0;padding:0;text-align:justify;"><b>w obu kier.:</b> <b><u><i>Osowa PKP</i></u></b> - Barniewicka - Kielnieñska - Wodnika - Galaktyczna - Radarowa - Radiowa - Spadochroniarzy - Port Lotniczy - S³owackiego - Potokowa - Rakoczego - Ja¶kowa Dolina - Piecewska - Trzy Lipy - Beethovena - Powstañców Warszawskich - D±browskiego - 3-Maja - B³êdnik - Dworzec G³ówny - Brama Wy¿ynna - Okopowa - Trakt ¶w. Wojciecha - <b><u><i>Go¶cinna</i></u></b> </p>|2015-08-31||1|||ZKM w Gdañsku Sp. z o.o.
213_20150831|213|Autobusy|<p style="margin:0;padding:0;text-align:justify;"><b><br>w obu kier.: </b><b><u><i>Olimpijska</i></u></b> - Ofiar Grudnia 70 - Wielkopolska - Przebi¶niegowa - Niepo³omicka -   ¦wiêtokrzyska - <b><u><i>£ostowice ¦wiêtokrzyska</i></u></b><br><br></p>|2015-08-31||1|||ZKM w Gdañsku Sp. z o.o.
227_20150831|227|Autobusy|<p style="margin:0;padding:0;text-align:justify;"><b><br><br>w obu kier.:</b> <b><u><i>Che³m Cienista</b></u></i> - Cienista - Witosa - £ostowicka - Nowolipie - Rakoczego - Potokowa - S³owackiego - ¯o³nierzy Wyklêtych - Ko¶ciuszki - Hynka - Rzeczypospolitej - Ch³opska - Pomorska - <b><u><i>Jelitkowo</b></u></i><br></p><br>|2015-08-31||1|||ZKM w Gdañsku Sp. z o.o.
267_20150831|267|Autobusy|<p style="margin:0;padding:0;text-align:justify;"><b><br>kier. Siedlce:</b> <b><u><i>Bysewo</b></u></i> - Nowatorów - Kartuska - Armii Krajowej - Kartuska - ¬ródlana - Kartuska - <b><u><i>Siedlce</b></u></i><br><br><br><b><br>kier. Bysewo:</b> <b><u><i>Siedlce</b></u></i> - Kartuska - Armii Krajowej - Kartuska - Fabryczna - Nowatorów - <b><u><i>Bysewo</b></u></i><br></p>|2015-08-31||1|||ZKM w Gdañsku Sp. z o.o.
283_20150831|283|Autobusy|<p style="margin:0;padding:0;text-align:justify;"><b><br><br>kier. Politechnika SKM:</b> <b><u><i>Nied¼wiednik</i></u></b> - Góralska - Le¶na Góra - Góralska - Potokowa - Rakoczego - Schuberta - Sobieskiego - Jarowa - Smoluchowskiego - Dêbinki - Smoluchowskiego - Zwyciêstwa - Hallera - Towarowa - Trubadurów - <b><u><i>Politechnika SKM</i></u></b> <br><br><br><b><br>kier. Nied¼wiednik:</b> <b><u><i>Politechnika SKM</i></u></b> - Trubadurów - Hallera - Zwyciêstwa - Orzeszkowej - Dêbinki - Smoluchowskiego - Jarowa - Sobieskiego - Schuberta - Rakoczego - Potokowa - Góralska - Le¶na Góra - Góralska - <b><u><i>Nied¼wiednik</i></u></b><br></p>|2015-08-31||1|||ZKM w Gdañsku Sp. z o.o.
315_20150831|315|Autobusy|<p style="margin:0;padding:0;text-align:justify;"><b><br>kier. Oliwa PKP: </b><b><u><i>Dworzec PKS</b></u></i> - 3 Maja - Nowe Ogrody - Powstañców Warszawskich - Beethovena - Sobieskiego - Traugutta - Do Studzienki - Miszewskiego - Zator Przytockiego - Dmowskiego - Wrzeszcz PKP - Lendziona - Grunwaldzka - Ko³obrzeska - D±browszczaków - Jagielloñska - Ch³opska - Bora-Komorowskiego - Droszyñskiego -  <b><u><i>Oliwa PKP</b></u></i><br><br><br><br><b>kier. Dworzec PKS:</b> <b><u><i>Oliwa PKP</b></u></i> - Droszyñskiego - Bora-Komorowskiego - Ch³opska - Jagielloñska - D±browszczaków - Ko³obrzeska - Grunwaldzka - Dmowskiego - Wrzeszcz PKP - Dmowskiego - Grunwaldzka - Do Studzienki - Traugutta - Sobieskiego - Schuberta - Beethovena - Powstañców Warszawskich - Nowe Ogrody - 3 Maja - <b><u><i>Dworzec PKS</b></u></i><br></p> |2015-08-31||1|||ZKM w Gdañsku Sp. z o.o.
955_20150831|955|Autobusy|<p style="margin:0;padding:0;text-align:justify;"><br><b>w obu kier. </b><b><u><i>Jasieñ PKM</i></u></b> - Gronostajowa - Kartuska - Pólnicy - <b><u><i>Jasieñ Pólnicy</i></u></b></p> <br>|2015-08-31||1|||ZKM w Gdañsku Sp. z o.o.
0F5_20150901|F5|Tramwaj wodny|<b>¯abi Kruk</b> - Zielony Most - Targ Rybny - Wiosny Ludów - Nabrze¿e Zbo¿owe - Twierdza Wis³ouj¶cie - <b>Westerplatte</b>|2015-09-01|2015-09-30|0|||¯egluga Gdañska Sp. z o.o.
0F6_20150901|F6|Tramwaj wodny|<b>Targ Rybny</b> - Sienna Grobla - Wiosny Ludów - Tamka - Stogi-Górki Zachodnie - <b>Narodowe Centrum ¯eglarstwa</b>|2015-09-01|2015-09-30|0|||¯egluga Gdañska Sp. z o.o.
154_20150901|154|Autobusy|<p style="margin:0;padding:0;text-align:justify;"><b><br>kier. Orunia Górna:</b> (wybr. kursy: <b><i>Wa³owa</b></i> - £agiewniki - Wa³y Piastowskie -) <b><u><i>Dworzec G³ówny</b></u></i> - Brama Wy¿ynna - Okopowa - Trakt ¦w. Wojciecha - Podmiejska - Ma³omiejska - Platynowa - Uranowa - Krzemowa - <b><u><i>Orunia Górna</b></u></i><br><br><br><b><br>kier. Dworzec G³ówny/Wa³owa: </b><b><u><i>Orunia Górna</b></u></i> - Platynowa - Ma³omiejska - Podmiejska - Trakt ¦w. Wojciecha - Okopowa - Brama Wy¿ynna - <b><u><i>Dworzec G³ówny</b></u></i> - (wybr. kursy: Wa³y Piastowskie - £agiewniki - <b><i>Wa³owa</b></i>)<br></p>|2015-09-01||1|||ZKM w Gdañsku Sp. z o.o.
0N1_20150904|N1|Nocne autobusy|<p style="margin:0;padding:0;text-align:justify;"><br><b>kier. Osowa PKP</b>: <b><u><i>Jaworzniaków</i></u></b> - Guderskiego - ¦wiêtokrzyska - (wybr. kursy: Bergiela - Porêbskiego - Bergiela - ¦wiêtokrzyska) - Platynowa - Uranowa - Krzemowa - Platynowa - Ma³omiejska - Podmiejska - Trakt ¶w. Wojciecha - Okopowa - Brama Wy¿ynna - Dworzec G³ówny - B³êdnik - Zwyciêstwa - Hallera - (wybr. kurs: Baza ZKM - Hallera) - Ko¶ciuszki - Legionów - Rzeczypospolitej - Ch³opska - Bora-Komorowskiego - Droszyñskiego - Oliwa PKP - Piastowska - Oliwa Pêtla Tram. - Obroñców Westerplatte - Stary Rynek Oliwski - (wybr. kursy z pi±./sob. i sob./niedz.: Czy¿ewskiego - SOPOT: Niepodleg³o¶ci - Obodrzyców - Kolberga - Malczewskiego - GDYNIA: Sopocka - Chwaszczyñska - Obwodnica Trójmiejska - GDAÑSK: - Obwodnica Trójmiejska) - Spacerowa - Kielnieñska - Barniewicka - <b><u><i>Osowa PKP</i></u></b> - (wybr. kurs: Barniewicka - Nowy ¦wiat - Osowa Przesypownia)<br><br><br><br><br><b>kier. Jaworzniaków</b>: <b><u><i>Osowa PKP</i></u></b> - Barniewicka - Kielnieñska - Spacerowa - Stary Rynek Oliwski - Rybiñskiego - Oliwa Pêtla Tram. - Piastowska - Oliwa PKP - Droszyñskiego - Bora-Komorowskiego - Ch³opska - Rzeczypospolitej - Legionów - Ko¶ciuszki - Hallera - Zwyciêstwa - B³êdnik - Dworzec G³ówny - Brama Wy¿ynna - Okopowa - Trakt ¶w. Wojciecha - Podmiejska - Ma³omiejska - Platynowa - Uranowa - Krzemowa - Platynowa - ¦wiêtokrzyska - (wybr. kursy: Bergiela - Porêbskiego - Bergiela - ¦wiêtokrzyska) - Guderskiego - <b><u><i>Jaworzniaków</i></u></b><br></p>|2015-09-04||1|||ZKM w Gdañsku Sp. z o.o.
0N2_20150904|N2|Nocne autobusy|<p style="margin:0;padding:0;text-align:justify;"><b><br>kier. £ostowice ¦wiêtokrzyska:</b> <b><u><i>Nowy Port Szaniec Zachodni</i></u></b> - W³adys³awa IV - Na Zaspê - Góreckiego - Marynarki Polskiej - Oliwska - Krasickiego - Gdañska - PCK - Dworska - Hallera - Ko¶ciuszki - ¯o³nierzy Wyklêtych - Dmowskiego - Wrzeszcz PKP - Dmowskiego - Partyzantów - Ja¶kowa Dolina - Rakoczego - Buloñska - Rakoczego - Nowolipie - £ostowicka - Havla - <b><u><i>£ostowice ¦wiêtokrzyska</i></u></b><br><br><br><b><br>kier. Nowy Port Szaniec Zachodni:</b> <b><u><i>£ostowice ¦wiêtokrzyska</i></u></b> - Havla - £ostowicka - Nowolipie - Rakoczego - Buloñska - Rakoczego - Ja¶kowa Dolina - Konopnickiej - Zator Przytockiego - Dmowskiego - Wrzeszcz PKP - Lendziona - Grunwaldzka - ¯o³nierzy Wyklêtych - Ko¶ciuszki - Chrobrego - Grudzi±dzka - Hallera - Dworska - PCK - Gdañska - Krasickiego - Oliwska - Wyzwolenia - Marynarki Polskiej - Wolno¶ci - W³adys³awa IV - <b><u><i>Nowy Port Szaniec Zachodni</i></u></b><br></p>|2015-09-04||1|||ZKM w Gdañsku Sp. z o.o.
0N5_20150904|N5|Nocne autobusy|<p style="margin:0;padding:0;text-align:justify;"><br><b>kier. Dworzec G³ówny: </b>PRUSZCZ GD.: <b><u><i>Pruszcz Gdañski-Matejki</i></u></b> - Grunwaldzka - GDAÑSK: Trakt ¶w. Wojciecha - Okopowa - Brama Wy¿ynna - <b><u><i>Dworzec G³ówny </i></u></b><br><br><br><br><b>kier. Pruszcz Gdañski-Matejki: </b> GDAÑSK: <b><u><i>Dworzec G³ówny</i></u></b> - Brama Wy¿ynna - Okopowa - Trakt ¶w. Wojciecha - PRUSZCZ GD.: Grunwaldzka - Przemys³owa - PCK - Kasprowicza - Kopernika - Chopina - Grota-Roweckiego - Matejki - Grunwaldzka - <b><u><i>Pruszcz Gdañski-Matejki</i></u></b><br></p><br><br><br>|2015-09-04||1|||PKS Gdañsk Sp. z o.o.
124_20150905|124|Autobusy|<p style="margin:0;padding:0;text-align:justify;"><br><b>kier. Zaspa-Szpital: </b><b><u><i>Wrzeszcz PKP</b></u></i> - Lendziona - Grunwaldzka - ¯o³nierzy Wyklêtych - Ko¶ciuszki - Chrobrego - Leszczyñskich - Jana Paw³a II - <b><u><i>Zaspa-Szpital</b></u></i><br><br><br><b><br>kier. Wrzeszcz PKP:</b> <b><u><i>Zaspa-Szpital</b></u></i> - Jana Paw³a II - Czarny Dwór - Hallera - Mickiewicza - Wyspiañskiego - Miszewskiego - Zator Przytockiego - Dmowskiego - <b><u><i>Wrzeszcz PKP</b></u></i> <br><br></p>|2015-09-05||1|||ZKM w Gdañsku Sp. z o.o.
127_20150905|127|Autobusy|<p style="margin:0;padding:0;text-align:justify;"><br><b>kier. Oliwa PKP: </b> <b><u><i>Jasieñ PKM</i></u></b> - My¶liwska - Buloñska - Rakoczego - Ja¶kowa Dolina - Wileñska - Ja¶kowa Dolina - Grunwaldzka - ¯o³nierzy Wyklêtych - Ko¶ciuszki - Legionów - Hynka - Jana Paw³a II - Czarny Dwór - Obroñców Wybrze¿a - Bora-Komorowskiego - Droszyñskiego - <b><u><i>Oliwa PKP</i></u></b><br><br><br><br><b>kier. Jasieñ PKM: </b><b><u><i>Oliwa PKP</i></u></b> - Droszyñskiego - Bora-Komorowskiego - Obroñców Wybrze¿a - Czarny Dwór - Jana Paw³a II - Hynka - Legionów - Ko¶ciuszki - ¯o³nierzy Wyklêtych - Grunwaldzka - Ja¶kowa Dolina - Rakoczego - Buloñska - My¶liwska - <b><u><i>Jasieñ PKM</i></u></b><br><br></p>|2015-09-05||1|<span style="color: rgb(204,0,0);">		<br><b>W dniu  27.06.2015 r. (sobota)</b> rozpocznie siê przebudowa ul. Piecewskiej, na odcinku od skrzy¿owania z ul. Ja¶kowa Dolina do skrzy¿owania z ul. Rakoczego. Zmiany dotycz± linii <b>127</b>, <b>130</b>, <b>184</b>, <b>384</b>, <b>N6</b> i <b>N12</b>.<br>Wiêcej informacji mo¿na znale¼æ na <u><a href="http://www.ztm.gda.pl/hmvc/index.php/sipinfo/wiecejk/1709"><b>stronie g³ównej</b></a></u>.<br><br><p></p>||ZKM w Gdañsku Sp. z o.o.
